City_ID,City,Lat,Lng,Max Temp,Humidity,Cloudiness,Wind Speed,Country,Date
0,Birjand,32.87,59.22,41.0,20,0,6.93,IR,2020-10-25 21:37:56
1,Carnarvon,-24.87,113.63,69.8,88,90,17.22,AU,2020-10-25 21:37:57
2,Nikolskoye,59.7,30.79,43.0,93,90,6.71,RU,2020-10-25 21:37:57
3,Mataura,-46.19,168.86,51.01,66,93,5.99,NZ,2020-10-25 21:36:18
4,Isangel,-19.55,169.27,80.6,69,75,11.1,VU,2020-10-25 21:37:57
5,Hobart,-42.88,147.33,48.2,70,75,5.82,AU,2020-10-25 21:36:36
6,Cape Town,-33.93,18.42,63.0,77,0,20.8,ZA,2020-10-25 21:34:10
7,New Norfolk,-42.78,147.06,48.0,65,2,1.01,AU,2020-10-25 21:37:58
8,Saint Anthony,45.02,-93.22,28.4,79,90,6.93,US,2020-10-25 21:36:22
9,Omboue,-1.57,9.26,77.61,86,100,7.45,GA,2020-10-25 21:37:58
10,Kijang,35.24,129.21,48.2,76,0,8.05,KR,2020-10-25 21:37:58
11,Norman Wells,65.28,-126.83,21.2,92,75,3.36,CA,2020-10-25 21:37:58
12,Hermanus,-34.42,19.23,61.0,83,85,13.62,ZA,2020-10-25 21:37:59
13,Bluff,-46.6,168.33,51.01,66,63,5.99,NZ,2020-10-25 21:37:59
14,Nome,64.5,-165.41,37.99,86,90,6.93,US,2020-10-25 21:37:59
15,Hamilton,39.18,-84.53,54.0,66,90,5.82,US,2020-10-25 21:34:58
16,Khatanga,71.97,102.5,6.35,95,94,9.66,RU,2020-10-25 21:38:00
17,Constitucion,-35.33,-72.42,55.9,63,0,17.6,CL,2020-10-25 21:38:00
18,Port Elizabeth,-33.92,25.57,64.4,88,100,11.41,ZA,2020-10-25 21:38:01
19,Mumbwa,-14.98,27.06,72.99,34,0,6.46,ZM,2020-10-25 21:38:01
20,Gueret,46.17,1.87,50.0,93,100,9.17,FR,2020-10-25 21:38:01
21,Comodoro Rivadavia,-45.87,-67.5,66.2,33,40,17.22,AR,2020-10-25 21:38:01
22,Castro,-24.79,-50.01,64.98,87,1,4.43,BR,2020-10-25 21:38:00
23,Tuktoyaktuk,69.45,-133.04,23.0,85,90,18.34,CA,2020-10-25 21:36:57
24,Severo-Kurilsk,50.68,156.12,44.22,84,89,4.83,RU,2020-10-25 21:38:02
25,Airai,-8.93,125.41,63.41,95,98,1.66,TL,2020-10-25 21:38:02
26,Wabash,40.8,-85.82,48.0,71,100,10.0,US,2020-10-25 21:38:03
27,Ndele,8.41,20.65,74.41,72,57,1.12,CF,2020-10-25 21:38:03
28,Behbahan,30.6,50.24,62.6,42,0,2.21,IR,2020-10-25 21:38:03
29,Ust-Nera,64.57,143.2,4.69,87,60,4.92,RU,2020-10-25 21:38:03
30,Provideniya,64.38,-173.3,35.6,69,75,6.71,RU,2020-10-25 21:38:04
31,Namibe,-15.2,12.15,68.58,79,48,1.81,AO,2020-10-25 21:37:40
32,Crieff,56.37,-3.84,48.99,83,98,5.01,GB,2020-10-25 21:38:04
33,Chokurdakh,70.63,147.92,5.92,92,4,9.91,RU,2020-10-25 21:38:04
34,Port-Cartier,50.03,-66.87,36.0,40,40,10.29,CA,2020-10-25 21:38:05
35,Grenfell,-33.9,148.17,50.7,85,100,18.59,AU,2020-10-25 21:38:05
36,Craig,40.52,-107.55,14.0,85,90,12.75,US,2020-10-25 21:38:05
37,Puerto Ayora,-0.74,-90.35,75.2,78,20,13.87,EC,2020-10-25 21:38:05
38,Ushuaia,-54.8,-68.3,53.6,46,40,3.36,AR,2020-10-25 21:38:02
39,Kapaa,22.08,-159.32,82.99,74,40,4.7,US,2020-10-25 21:37:13
40,Shenjiamen,29.96,122.3,64.04,68,41,5.82,CN,2020-10-25 21:38:06
41,Santiago De Chuco,-8.15,-78.18,55.29,74,100,5.14,PE,2020-10-25 21:38:06
42,Clyde River,70.47,-68.59,17.6,78,90,6.93,CA,2020-10-25 21:37:00
43,Labuhan,-6.88,112.21,78.85,84,97,8.08,ID,2020-10-25 21:38:07
44,Kingaroy,-26.53,151.83,69.01,82,90,4.7,AU,2020-10-25 21:38:07
45,Peniche,39.36,-9.38,59.0,78,79,5.99,PT,2020-10-25 21:36:47
46,Marzuq,14.4,46.47,63.25,32,0,2.19,YE,2020-10-25 21:38:07
47,Pekan,3.48,103.4,75.2,94,20,4.61,MY,2020-10-25 21:38:08
48,Aguimes,27.91,-15.45,71.6,64,40,20.8,ES,2020-10-25 21:38:08
49,Corsicana,32.1,-96.47,64.99,82,90,9.17,US,2020-10-25 21:36:33
50,Port Alfred,-33.59,26.89,65.46,80,95,2.62,ZA,2020-10-25 21:38:08
51,Mandalgovi,45.76,106.27,23.74,77,0,20.4,MN,2020-10-25 21:38:08
52,Mahebourg,-20.41,57.7,71.6,88,75,11.41,MU,2020-10-25 21:38:09
53,Rikitea,-23.12,-134.97,74.57,81,100,21.52,PF,2020-10-25 21:38:09
54,Cruzeiro Do Sul,-29.51,-51.99,82.99,67,23,4.0,BR,2020-10-25 21:38:09
55,Capitan Bado,-23.27,-55.53,83.46,52,62,4.05,PY,2020-10-25 21:38:09
56,Korla,41.76,86.15,46.0,65,97,1.99,CN,2020-10-25 21:38:09
57,Lasem,-6.69,111.45,78.31,86,94,5.64,ID,2020-10-25 21:38:10
58,Olafsvik,64.89,-23.71,42.42,81,100,25.55,IS,2020-10-25 21:38:10
59,Mendi,-6.18,143.65,60.58,83,95,0.83,PG,2020-10-25 21:38:10
60,Albany,42.6,-73.97,46.99,46,0,3.38,US,2020-10-25 21:35:50
61,Opunake,-39.46,173.86,64.0,94,49,4.0,NZ,2020-10-25 21:35:24
62,Hambantota,6.12,81.12,78.42,81,100,11.14,LK,2020-10-25 21:37:17
63,Alice Springs,-23.7,133.88,59.0,33,2,12.75,AU,2020-10-25 21:37:50
64,Saint George,37.1,-113.58,71.6,21,69,16.11,US,2020-10-25 21:37:57
65,Sitka,57.05,-135.33,42.8,75,90,12.75,US,2020-10-25 21:36:42
66,Saint-Philippe,-21.36,55.77,73.4,73,0,3.36,RE,2020-10-25 21:38:12
67,Kavaratti,10.57,72.64,81.45,76,93,6.89,IN,2020-10-25 21:38:12
68,Jamestown,42.1,-79.24,46.0,70,90,9.17,US,2020-10-25 21:37:02
69,Snezhnogorsk,69.19,33.25,24.8,92,75,4.47,RU,2020-10-25 21:38:12
70,Vitim,59.45,112.56,27.93,97,100,8.16,RU,2020-10-25 21:38:13
71,Maceio,-9.67,-35.74,77.0,83,0,6.93,BR,2020-10-25 21:38:13
72,East London,-33.02,27.91,66.92,70,98,2.86,ZA,2020-10-25 21:38:14
73,Aksum,14.12,38.72,59.16,40,28,6.4,ET,2020-10-25 21:38:14
74,Busselton,-33.65,115.33,53.01,68,0,3.42,AU,2020-10-25 21:38:14
75,Krasnoselkup,65.7,82.47,3.87,93,0,9.84,RU,2020-10-25 21:38:14
76,Sur,22.57,59.53,73.72,53,0,7.25,OM,2020-10-25 21:38:15
77,Atuona,-9.8,-139.03,78.87,75,0,19.91,PF,2020-10-25 21:37:04
78,Hofn,64.25,-15.21,44.11,75,100,14.07,IS,2020-10-25 21:38:15
79,Praia,14.92,-23.51,82.4,61,0,19.46,CV,2020-10-25 21:38:15
80,Evensk,61.95,159.23,32.95,91,100,14.18,RU,2020-10-25 21:38:15
81,Karratha,-20.74,116.85,64.11,91,100,12.33,AU,2020-10-25 21:38:16
82,Punta Arenas,-53.15,-70.92,44.6,81,75,4.7,CL,2020-10-25 21:35:37
83,Raudeberg,61.99,5.14,48.0,80,37,22.46,NO,2020-10-25 21:38:16
84,Hithadhoo,-0.6,73.08,83.16,70,44,6.26,MV,2020-10-25 21:38:16
85,Nelson Bay,-32.72,152.15,63.0,100,90,24.16,AU,2020-10-25 21:38:17
86,Chuy,-33.7,-53.46,68.07,86,100,16.26,UY,2020-10-25 21:38:17
87,Usinsk,65.99,57.53,20.35,97,89,8.88,RU,2020-10-25 21:38:17
88,Souillac,-20.52,57.52,71.6,88,75,11.41,MU,2020-10-25 21:38:17
89,Codrington,-38.27,141.97,51.96,70,0,18.77,AU,2020-10-25 21:38:17
90,Faya,18.39,42.45,64.4,17,0,1.99,SA,2020-10-25 21:38:18
91,Arusha,-3.37,36.68,65.17,78,62,6.2,TZ,2020-10-25 21:38:18
92,Upernavik,72.79,-56.15,13.86,75,68,4.52,GL,2020-10-25 21:38:18
93,Cidreira,-30.18,-50.21,69.12,87,8,24.09,BR,2020-10-25 21:38:18
94,Amuntai,-2.42,115.25,75.29,95,99,1.34,ID,2020-10-25 21:38:19
95,Minuri,16.54,121.86,75.2,92,100,3.85,PH,2020-10-25 21:38:19
96,Barrow,71.29,-156.79,26.6,68,90,8.05,US,2020-10-25 21:36:15
97,Mar Del Plata,-38.0,-57.56,62.6,100,90,3.36,AR,2020-10-25 21:36:20
98,Eldorado,-23.79,-54.28,82.9,56,70,4.63,BR,2020-10-25 21:38:19
99,Cabo San Lucas,22.89,-109.91,91.4,49,20,9.17,MX,2020-10-25 21:36:57
100,Faanui,-16.48,-151.75,80.49,68,22,6.62,PF,2020-10-25 21:37:19
101,Kenora,49.82,-94.43,23.0,85,90,5.82,CA,2020-10-25 21:35:56
102,Saskylakh,71.92,114.08,7.36,93,100,10.71,RU,2020-10-25 21:38:20
103,Thompson,55.74,-97.86,24.8,79,75,6.8,CA,2020-10-25 21:37:16
104,Bengkulu,-3.8,102.27,75.09,87,100,3.02,ID,2020-10-25 21:36:48
105,Oranjemund,-28.55,16.43,58.69,87,26,16.69,NA,2020-10-25 21:38:21
106,Jalu,29.03,21.55,64.85,70,0,8.16,LY,2020-10-25 21:37:39
107,Nakhon Phanom,17.33,104.42,66.34,97,100,3.09,TH,2020-10-25 21:38:21
108,Avarua,-21.21,-159.78,77.0,65,71,13.87,CK,2020-10-25 21:36:42
109,Gawler,-34.6,138.73,50.0,73,25,1.99,AU,2020-10-25 21:38:22
110,Tilichiki,60.47,166.1,31.64,96,100,7.14,RU,2020-10-25 21:33:51
111,Moses Lake,47.13,-119.28,39.2,21,1,8.05,US,2020-10-25 21:33:58
112,Kathmandu,27.72,85.32,60.8,93,75,0.69,NP,2020-10-25 21:34:39
113,Lebu,-37.62,-73.65,52.97,63,0,8.05,CL,2020-10-25 21:36:54
114,Bredasdorp,-34.53,20.04,60.8,93,100,9.17,ZA,2020-10-25 21:38:23
115,Barcelos,41.54,-8.62,55.4,82,40,6.93,PT,2020-10-25 21:34:59
116,Lavrentiya,65.58,-171.0,33.66,89,97,7.94,RU,2020-10-25 21:38:23
117,Uribia,11.71,-72.27,84.16,74,100,6.04,CO,2020-10-25 21:38:23
118,Georgetown,5.41,100.34,78.8,94,40,5.21,MY,2020-10-25 21:36:18
119,Ostrovnoy,68.05,39.51,31.96,93,100,6.49,RU,2020-10-25 21:38:24
120,Broome,42.25,-75.83,51.01,49,90,4.7,US,2020-10-25 21:35:48
121,Vaini,-21.2,-175.2,73.4,94,75,11.41,TO,2020-10-25 21:38:24
122,Ribeira Grande,38.52,-28.7,66.2,82,75,5.82,PT,2020-10-25 21:38:24
123,Prince Rupert,54.32,-130.32,39.2,64,90,8.05,CA,2020-10-25 21:38:21
124,Goundam,16.41,-3.67,85.46,11,8,9.8,ML,2020-10-25 21:38:24
125,Klaksvik,62.23,-6.59,44.6,87,31,8.05,FO,2020-10-25 21:38:25
126,Umba,66.69,34.34,26.04,95,85,7.38,RU,2020-10-25 21:38:25
127,Chon Daen,16.19,100.86,72.3,94,90,2.98,TH,2020-10-25 21:38:25
128,Carmen,18.63,-91.83,84.2,70,40,6.93,MX,2020-10-25 21:38:25
129,Fortuna,40.6,-124.16,64.0,67,1,10.29,US,2020-10-25 21:33:50
130,Novikovo,51.15,37.89,46.31,85,0,2.59,RU,2020-10-25 21:38:26
131,Acajutla,13.59,-89.83,80.6,78,40,2.95,SV,2020-10-25 21:38:26
132,Jinxiang,27.43,120.61,63.52,78,99,6.02,CN,2020-10-25 21:38:26
133,Beaverlodge,55.22,-119.44,32.0,85,75,14.99,CA,2020-10-25 21:38:26
134,Victor Harbor,-35.57,138.62,55.0,70,56,1.01,AU,2020-10-25 21:38:27
135,Bonfim,3.08,-59.95,90.1,47,89,5.14,BR,2020-10-25 21:38:27
136,Itum-Kale,42.74,45.58,55.29,39,0,4.79,RU,2020-10-25 21:38:27
137,Kaitangata,-46.28,169.85,53.01,89,99,3.44,NZ,2020-10-25 21:38:28
138,Kahului,20.89,-156.47,91.4,49,40,11.41,US,2020-10-25 21:38:28
139,Meulaboh,4.14,96.13,75.58,85,100,5.08,ID,2020-10-25 21:38:28
140,Itarema,-2.92,-39.92,80.04,77,48,16.58,BR,2020-10-25 21:37:41
141,Guerrero Negro,27.98,-114.06,72.3,61,34,16.42,MX,2020-10-25 21:38:28
142,Yellowknife,62.46,-114.35,30.2,68,75,5.82,CA,2020-10-25 21:36:42
143,Palmer,42.16,-72.33,50.0,70,40,6.93,US,2020-10-25 21:37:32
144,Rawlins,41.79,-107.24,7.0,71,90,23.04,US,2020-10-25 21:38:29
145,Geraldton,-28.77,114.6,57.2,87,0,5.82,AU,2020-10-25 21:38:29
146,Butaritari,3.07,172.79,81.25,70,59,9.64,KI,2020-10-25 21:35:07
147,Donnacona,46.68,-71.72,39.0,50,63,3.47,CA,2020-10-25 21:38:30
148,Qaanaaq,77.48,-69.36,11.84,80,100,11.5,GL,2020-10-25 21:38:30
149,Lakes Entrance,-37.88,147.98,55.99,83,72,5.01,AU,2020-10-25 21:38:30
150,Kayes,14.0,-11.0,78.8,65,27,4.7,ML,2020-10-25 21:38:30
151,Bud,39.45,-86.18,52.0,53,90,5.82,US,2020-10-25 21:38:31
152,Casper,42.87,-106.31,10.0,71,90,16.11,US,2020-10-25 21:38:31
153,Longyearbyen,78.22,15.64,32.0,94,75,10.29,SJ,2020-10-25 21:36:17
154,Ahipara,-35.17,173.17,67.5,67,4,6.04,NZ,2020-10-25 21:38:31
155,Victoria,22.29,114.16,73.99,79,100,16.4,HK,2020-10-25 21:38:31
156,Knokke-Heist,51.33,3.33,51.8,87,92,18.34,BE,2020-10-25 21:38:32
157,Kavieng,-2.57,150.8,82.8,74,100,6.93,PG,2020-10-25 21:37:15
158,Micoud,13.82,-60.9,84.2,74,20,12.75,LC,2020-10-25 21:38:32
159,Tank,32.22,70.38,67.66,35,0,2.71,PK,2020-10-25 21:38:32
160,West Wendover,40.74,-114.07,37.4,29,40,14.99,US,2020-10-25 21:38:33
161,Arraial Do Cabo,-22.97,-42.03,71.6,83,75,4.7,BR,2020-10-25 21:38:33
162,Porto Santo,33.07,-16.34,68.0,77,20,11.41,PT,2020-10-25 21:38:33
163,Bethel,41.37,-73.41,50.0,53,90,6.93,US,2020-10-25 21:35:56
164,Puerto Quijarro,-17.78,-57.77,88.88,48,1,3.56,BO,2020-10-25 21:38:33
165,Olot,42.18,2.49,60.01,76,81,1.01,ES,2020-10-25 21:38:34
166,Saint-Pierre,-21.34,55.48,69.8,73,0,3.36,RE,2020-10-25 21:36:36
167,Concarneau,47.88,-3.92,51.8,93,40,3.36,FR,2020-10-25 21:38:34
168,Palatka,29.65,-81.64,84.99,1,42,11.99,US,2020-10-25 21:38:34
169,Hilo,19.73,-155.09,87.8,55,20,11.41,US,2020-10-25 21:37:18
170,Sechura,-5.56,-80.82,73.35,59,72,16.82,PE,2020-10-25 21:38:35
171,Kieta,-6.22,155.63,83.07,69,36,2.15,PG,2020-10-25 21:38:35
172,Ust-Koksa,50.27,85.61,26.89,83,99,2.66,RU,2020-10-25 21:38:35
173,Changde,29.05,111.68,61.2,71,100,1.86,CN,2020-10-25 21:38:35
174,Burglengenfeld,49.21,12.04,48.0,93,90,1.83,DE,2020-10-25 21:38:35
175,Kodiak,57.79,-152.41,48.2,87,90,24.16,US,2020-10-25 21:38:36
176,Dikson,73.51,80.55,18.39,97,100,12.84,RU,2020-10-25 21:38:36
177,Batagay,67.63,134.63,4.75,86,0,2.95,RU,2020-10-25 21:38:36
178,Burgeo,47.62,-57.62,38.55,74,0,22.57,CA,2020-10-25 21:38:36
179,Mezen,65.85,44.24,16.11,97,6,4.7,RU,2020-10-25 21:37:45
180,Waddan,29.16,16.14,66.16,57,0,8.95,LY,2020-10-25 21:38:37
181,Dunedin,-45.87,170.5,46.0,91,100,5.99,NZ,2020-10-25 21:38:37
182,Coquimbo,-29.95,-71.34,60.8,72,20,18.34,CL,2020-10-25 21:38:35
183,Yuci,37.68,112.73,44.6,81,59,1.07,CN,2020-10-25 21:38:37
184,Derac,19.65,-71.82,87.8,62,40,9.17,HT,2020-10-25 21:38:37
185,Halmstad,56.67,12.86,53.01,93,100,9.17,SE,2020-10-25 21:38:37
186,Methoni,36.82,21.7,64.0,82,20,14.9,GR,2020-10-25 21:38:38
187,Roblin,51.23,-101.36,18.19,94,88,11.61,CA,2020-10-25 21:38:38
188,Ponta Delgada,37.73,-25.67,59.0,82,20,5.82,PT,2020-10-25 21:38:38
189,Amalfi,6.91,-75.08,66.13,100,99,2.15,CO,2020-10-25 21:38:38
190,Yulara,-25.24,130.99,60.8,36,36,12.75,AU,2020-10-25 21:37:36
191,Alekseyevsk,57.84,108.35,27.16,96,100,7.54,RU,2020-10-25 21:38:39
192,Tasiilaq,65.61,-37.64,32.0,98,99,10.29,GL,2020-10-25 21:38:39
193,Cherskiy,68.75,161.3,14.18,96,100,0.76,RU,2020-10-25 21:38:36
194,Kutum,14.2,24.67,71.37,23,25,12.12,SD,2020-10-25 21:38:39
195,Gallup,35.53,-108.74,68.0,43,75,27.51,US,2020-10-25 21:33:48
196,Esperance,-33.87,121.9,51.8,76,0,17.22,AU,2020-10-25 21:37:54
197,Fergus Falls,46.28,-96.08,24.8,73,75,10.29,US,2020-10-25 21:37:35
198,Severodvinsk,64.56,39.83,30.2,92,90,4.47,RU,2020-10-25 21:38:41
199,Tura,25.52,90.22,68.77,95,2,1.9,IN,2020-10-25 21:38:41
200,Aksarka,66.56,67.8,12.85,96,100,10.85,RU,2020-10-25 21:38:41
201,Tuatapere,-46.13,167.68,51.01,66,90,5.99,NZ,2020-10-25 21:38:41
202,Mackay,-21.15,149.2,77.0,88,90,3.36,AU,2020-10-25 21:38:41
203,Riihimaki,60.74,24.78,48.0,100,90,11.41,FI,2020-10-25 21:38:42
204,Leningradskiy,69.38,178.42,23.97,90,63,5.53,RU,2020-10-25 21:37:57
205,Vila Franca Do Campo,37.72,-25.43,59.0,82,20,5.82,PT,2020-10-25 21:37:15
206,Belousovka,50.13,82.52,41.0,60,90,13.42,KZ,2020-10-25 21:38:42
207,Luderitz,-26.65,15.16,65.34,54,74,24.05,NA,2020-10-25 21:38:42
208,Haicheng,40.85,122.75,47.66,82,7,4.43,CN,2020-10-25 21:38:42
209,Iqaluit,63.75,-68.51,10.4,85,75,5.82,CA,2020-10-25 21:38:01
210,Babol,36.55,52.68,64.63,46,0,1.57,IR,2020-10-25 21:38:43
211,Tual,-5.67,132.75,82.36,71,100,8.93,ID,2020-10-25 21:38:43
212,Nurota,40.56,65.69,41.0,48,42,6.93,UZ,2020-10-25 21:38:43
213,Beloha,-25.17,45.05,67.75,74,99,5.35,MG,2020-10-25 21:37:00
214,Lowestoft,52.48,1.75,50.0,99,93,1.99,GB,2020-10-25 21:38:44
215,Esso,55.93,158.7,30.99,95,52,3.06,RU,2020-10-25 21:33:49
216,Dzaoudzi,-12.79,45.27,77.0,83,0,5.82,YT,2020-10-25 21:38:44
217,Keti Bandar,24.14,67.45,77.41,55,0,5.84,PK,2020-10-25 21:38:44
218,Tianpeng,30.99,103.94,68.0,1,98,2.04,CN,2020-10-25 21:38:45
219,Russell,32.35,-85.2,77.0,65,90,3.36,US,2020-10-25 21:38:45
220,Egvekinot,66.32,-179.17,22.17,94,0,3.02,RU,2020-10-25 21:38:45
221,Saint-Augustin,51.23,-58.65,33.04,84,3,12.71,CA,2020-10-25 21:38:45
222,Vostok,46.49,135.88,30.11,99,70,1.7,RU,2020-10-25 21:38:46
223,Balabac,7.99,117.06,80.94,79,100,13.69,PH,2020-10-25 21:38:46
224,Colesberg,-30.72,25.1,64.22,58,0,12.75,ZA,2020-10-25 21:34:07
225,Tarragona,41.13,1.25,61.0,87,0,2.24,ES,2020-10-25 21:37:14
226,Dongsheng,39.82,109.98,41.94,61,0,11.03,CN,2020-10-25 21:38:46
227,Rivers,50.03,-100.24,24.8,62,75,12.75,CA,2020-10-25 21:38:47
228,Donegal,54.65,-8.12,48.79,87,90,10.94,IE,2020-10-25 21:38:47
229,Prince Albert,53.2,-105.77,26.6,45,75,11.41,CA,2020-10-25 21:37:45
230,Hobyo,5.35,48.53,79.41,83,0,8.59,SO,2020-10-25 21:38:47
231,Lae,-6.72,146.98,73.4,88,40,5.82,PG,2020-10-25 21:38:48
232,Opelousas,30.53,-92.08,72.0,68,1,9.17,US,2020-10-25 21:38:48
233,Moerai,-22.43,-151.33,72.27,79,69,19.82,PF,2020-10-25 21:38:48
234,Gat,31.61,34.76,75.2,83,0,4.7,IL,2020-10-25 21:36:01
235,Half Moon Bay,37.46,-122.43,68.0,68,40,3.36,US,2020-10-25 21:38:49
236,Hoquiam,46.98,-123.89,48.99,36,1,18.34,US,2020-10-25 21:38:49
237,Sao Filipe,14.9,-24.5,82.92,61,95,16.13,CV,2020-10-25 21:38:49
238,San Quintin,30.48,-115.95,68.88,64,63,13.06,MX,2020-10-25 21:38:49
239,Puerto Del Rosario,28.5,-13.86,69.8,77,40,18.34,ES,2020-10-25 21:38:49
240,Hasaki,35.73,140.83,48.2,93,75,2.24,JP,2020-10-25 21:38:50
241,Horizontina,-27.63,-54.31,83.17,40,0,6.22,BR,2020-10-25 21:38:50
242,Bjornevatn,69.67,29.98,32.0,95,75,21.92,NO,2020-10-25 21:38:50
243,Jeremoabo,-10.07,-38.48,83.26,51,71,12.82,BR,2020-10-25 21:38:50
244,Kruisfontein,-34.0,24.73,61.0,94,100,1.01,ZA,2020-10-25 21:38:50
245,Baie-Comeau,49.22,-68.15,37.4,37,40,4.7,CA,2020-10-25 21:38:51
246,Erenhot,43.65,111.98,41.27,62,14,17.02,CN,2020-10-25 21:36:41
247,Moron,-34.65,-58.62,72.0,88,90,8.05,AR,2020-10-25 21:38:02
248,Maracacume,-2.04,-45.96,77.45,86,100,4.61,BR,2020-10-25 21:38:52
249,Zhenlai,45.85,123.3,35.33,82,16,2.28,CN,2020-10-25 21:38:52
250,Qui Nhon,13.77,109.23,74.97,89,100,4.12,VN,2020-10-25 21:38:53
251,Bandarbeyla,9.49,50.81,75.63,78,1,12.19,SO,2020-10-25 21:38:53
252,Prieska,-29.66,22.75,74.73,20,18,1.12,ZA,2020-10-25 21:34:07
253,Mabini,15.6,120.98,78.8,88,90,20.8,PH,2020-10-25 21:38:54
254,Ancud,-41.87,-73.82,55.99,57,90,13.87,CL,2020-10-25 21:38:28
255,Zambezi,-13.54,23.1,71.47,26,11,2.98,ZM,2020-10-25 21:38:54
256,Nur,52.67,22.32,51.01,86,96,5.99,PL,2020-10-25 21:38:54
257,Platteville,42.73,-90.48,35.6,69,90,11.41,US,2020-10-25 21:38:55
258,Nancha,47.13,129.27,31.98,96,0,1.52,CN,2020-10-25 21:38:55
259,Saldanha,-33.01,17.94,59.0,77,24,8.05,ZA,2020-10-25 21:38:22
260,Beringovskiy,63.05,179.32,30.58,92,56,2.98,RU,2020-10-25 21:38:55
261,Urucui,-7.23,-44.56,80.08,68,97,1.83,BR,2020-10-25 21:38:56
262,Peleduy,59.63,112.74,27.72,97,100,7.52,RU,2020-10-25 21:38:56
263,Bogalusa,30.79,-89.85,75.2,60,40,8.05,US,2020-10-25 21:38:56
264,Chabahar,25.29,60.64,74.3,59,0,5.12,IR,2020-10-25 21:38:56
265,Husavik,66.04,-17.34,42.8,75,75,13.87,IS,2020-10-25 21:36:46
266,Castlemaine,-37.07,144.22,51.01,59,22,4.0,AU,2020-10-25 21:38:57
267,Bol,13.46,14.71,82.94,41,29,11.01,TD,2020-10-25 21:38:57
268,Wasilla,61.58,-149.44,39.99,64,90,11.41,US,2020-10-25 21:36:52
269,Kendari,-3.94,122.5,76.01,88,99,2.19,ID,2020-10-25 21:38:58
270,Pontianak,-0.03,109.33,75.72,90,97,2.51,ID,2020-10-25 21:38:58
271,Sanlucar De Barrameda,36.78,-6.35,68.0,82,90,18.34,ES,2020-10-25 21:38:58
272,Xichang,27.9,102.26,60.01,79,86,0.81,CN,2020-10-25 21:37:30
273,Dingle,11.0,122.67,75.97,90,100,17.13,PH,2020-10-25 21:38:58
274,Huarmey,-10.07,-78.15,67.15,73,26,9.84,PE,2020-10-25 21:38:58
275,Berlevag,70.86,29.09,33.8,64,75,14.99,NO,2020-10-25 21:38:59
276,Yalutorovsk,56.65,66.3,33.96,96,100,1.5,RU,2020-10-25 21:38:59
277,Buala,-8.14,159.59,83.52,71,92,0.83,SB,2020-10-25 21:38:59
278,Pisco,-13.7,-76.22,69.8,64,0,19.46,PE,2020-10-25 21:37:45
279,Igrim,63.19,64.42,24.03,98,89,4.59,RU,2020-10-25 21:39:00
280,Grand Gaube,-20.01,57.66,73.0,79,61,8.01,MU,2020-10-25 21:38:41
281,Vestmannaeyjar,63.44,-20.27,44.67,75,1,2.75,IS,2020-10-25 21:37:26
282,Areosa,41.72,-8.86,55.99,82,40,6.93,PT,2020-10-25 21:39:00
283,Port Blair,11.67,92.75,78.13,85,73,7.2,IN,2020-10-25 21:39:01
284,Koumac,-20.57,164.28,79.65,61,0,1.34,NC,2020-10-25 21:37:33
285,Pitimbu,-7.47,-34.81,78.8,83,0,6.93,BR,2020-10-25 21:39:01
286,San Patricio,28.02,-97.52,84.2,70,75,19.46,US,2020-10-25 21:39:01
287,Quesnel,53.0,-122.5,23.0,62,1,9.17,CA,2020-10-25 21:39:02
288,Vila Do Maio,15.13,-23.22,82.4,61,0,19.46,CV,2020-10-25 21:39:02
289,Kabanjahe,3.1,98.49,77.0,100,75,2.24,ID,2020-10-25 21:39:02
290,Sao Joao Da Barra,-21.64,-41.05,71.6,88,90,13.87,BR,2020-10-25 21:39:02
291,Pouebo,-20.4,164.57,78.08,67,8,11.99,NC,2020-10-25 21:39:03
292,Aci Castello,37.56,15.13,59.0,82,0,5.82,IT,2020-10-25 21:39:03
293,Katsuura,35.13,140.3,55.4,76,75,8.05,JP,2020-10-25 21:39:03
294,Aklavik,68.22,-135.01,24.8,79,90,12.75,CA,2020-10-25 21:39:03
295,Karjat,18.92,73.33,82.4,78,40,3.02,IN,2020-10-25 21:39:04
296,Nouakchott,18.09,-15.98,91.4,14,0,9.17,MR,2020-10-25 21:39:04
297,Yumen,40.28,97.2,30.42,84,80,9.55,CN,2020-10-25 21:39:04
298,Fernie,49.5,-115.07,21.2,44,5,11.41,CA,2020-10-25 21:35:58
299,Skelleftea,64.75,20.95,41.0,93,90,12.75,SE,2020-10-25 21:35:24
300,Pietarsaari,63.65,22.68,41.0,100,90,16.11,FI,2020-10-25 21:39:04
301,Salta,-24.79,-65.41,89.6,31,75,10.29,AR,2020-10-25 21:39:05
302,Yatou,37.15,122.38,53.02,78,57,2.55,CN,2020-10-25 21:39:05
303,Seoul,37.57,126.98,42.8,100,1,0.92,KR,2020-10-25 21:36:58
304,Staunton,38.15,-79.07,46.99,100,90,3.36,US,2020-10-25 21:35:46
305,Tiksi,71.69,128.87,4.82,90,100,29.82,RU,2020-10-25 21:39:05
306,Makakilo City,21.35,-158.09,84.2,70,1,9.17,US,2020-10-25 21:39:06
307,Deputatskiy,69.3,139.9,4.14,89,2,5.66,RU,2020-10-25 21:38:47
308,Segezha,63.74,34.32,29.79,96,98,4.47,RU,2020-10-25 21:39:06
309,Taoudenni,22.68,-3.98,87.35,13,21,8.63,ML,2020-10-25 21:39:06
310,Ponta Do Sol,32.67,-17.1,68.0,64,20,5.82,PT,2020-10-25 21:39:07
311,Shonguy,68.75,33.15,24.8,92,75,4.47,RU,2020-10-25 21:39:07
312,Muros,42.78,-9.06,48.99,92,99,1.99,ES,2020-10-25 21:39:07
313,Delmenhorst,53.05,8.62,51.8,93,0,5.82,DE,2020-10-25 21:39:07
314,Torbay,47.67,-52.73,42.01,84,74,1.01,CA,2020-10-25 21:35:15
315,Tabou,4.42,-7.35,77.86,88,90,5.95,CI,2020-10-25 21:39:08
316,Wenling,28.37,121.36,64.0,83,66,4.9,CN,2020-10-25 21:39:08
317,Port Keats,-14.25,129.55,84.13,77,53,10.27,AU,2020-10-25 21:39:08
318,Mandera,3.94,41.87,83.43,56,20,14.0,KE,2020-10-25 21:37:16
319,Petropavlovsk-Kamchatskiy,53.05,158.65,39.2,100,90,4.47,RU,2020-10-25 21:39:08
320,Roma,43.21,-75.46,48.2,49,90,6.93,US,2020-10-25 21:34:37
321,Noyabrsk,63.2,75.45,21.16,97,97,13.91,RU,2020-10-25 21:39:09
322,Kailua,21.4,-157.74,86.0,66,40,8.05,US,2020-10-25 21:39:09
323,Merauke,-8.47,140.33,79.43,77,62,8.39,ID,2020-10-25 21:39:09
324,Sarishabari,24.73,89.83,77.22,84,24,4.12,BD,2020-10-25 21:39:09
325,Padang,-0.95,100.35,78.48,71,100,3.02,ID,2020-10-25 21:38:07
326,Sapele,5.89,5.68,76.1,92,92,2.13,NG,2020-10-25 21:39:10
327,Biak,-0.91,122.88,77.29,76,100,4.0,ID,2020-10-25 21:37:27
328,Nuevo Progreso,23.17,-97.95,89.01,54,0,8.01,MX,2020-10-25 21:39:10
329,Fontenay-Le-Comte,46.58,-1.0,55.4,100,20,5.82,FR,2020-10-25 21:39:10
330,Haines Junction,60.75,-137.51,30.07,89,100,1.74,CA,2020-10-25 21:39:11
331,Sagua La Grande,22.81,-80.08,82.4,78,75,9.17,CU,2020-10-25 21:39:11
332,San Pedro,14.35,121.02,77.0,94,90,13.87,PH,2020-10-25 21:36:54
333,Alamos,27.02,-108.93,96.01,33,0,5.01,MX,2020-10-25 21:39:11
334,Shingu,33.73,135.98,53.11,75,68,4.76,JP,2020-10-25 21:39:11
335,Mandali,33.75,45.55,69.04,21,0,6.4,IQ,2020-10-25 21:39:12
336,Sondrio,46.17,9.87,54.0,89,100,2.24,IT,2020-10-25 21:39:12
337,Tangshan,39.63,118.18,51.96,57,99,1.52,CN,2020-10-25 21:39:12
338,Nokaneng,-19.67,22.27,79.03,22,0,8.52,BW,2020-10-25 21:39:13
339,San Borja,-14.82,-66.85,95.02,42,43,5.08,BO,2020-10-25 21:39:13
340,Daru,-9.08,143.21,80.87,79,44,6.73,PG,2020-10-25 21:39:13
341,Los Alamos,35.89,-106.31,59.0,28,90,13.87,US,2020-10-25 21:39:13
342,Springbok,-29.66,17.89,60.42,55,29,3.62,ZA,2020-10-25 21:39:13
343,Bilma,18.69,12.92,72.0,22,0,3.47,NE,2020-10-25 21:39:14
344,Oksfjord,70.24,22.35,35.6,74,98,29.97,NO,2020-10-25 21:39:14
345,Salalah,17.02,54.09,77.0,57,0,5.82,OM,2020-10-25 21:38:23
346,Tigil,57.8,158.67,39.54,71,100,15.59,RU,2020-10-25 21:39:14
347,Kikwit,-5.04,18.82,72.73,94,96,1.86,CD,2020-10-25 21:39:15
348,Bambous Virieux,-20.34,57.76,73.0,88,75,11.41,MU,2020-10-25 21:39:15
349,Toro,4.61,-76.08,74.86,81,92,3.65,CO,2020-10-25 21:39:15
350,Normandin,48.83,-72.53,33.8,59,75,3.36,CA,2020-10-25 21:35:48
351,Celestun,20.87,-90.4,82.24,75,16,13.62,MX,2020-10-25 21:39:16
352,Jaguey Grande,22.53,-81.13,78.8,94,75,5.82,CU,2020-10-25 21:39:16
353,Angoche,-16.23,39.91,76.59,80,88,2.48,MZ,2020-10-25 21:39:16
354,Keta,5.92,0.99,77.0,88,20,11.12,GH,2020-10-25 21:39:16
355,Paamiut,61.99,-49.67,36.37,83,97,15.59,GL,2020-10-25 21:39:17
356,Machado,-21.67,-45.92,67.98,82,13,4.52,BR,2020-10-25 21:39:17
357,Zyryanka,65.75,150.85,15.8,95,98,3.44,RU,2020-10-25 21:39:17
358,Port Macquarie,-31.43,152.92,68.0,76,96,1.99,AU,2020-10-25 21:39:17
359,Serebryansk,49.69,83.29,41.0,60,90,13.42,KZ,2020-10-25 21:39:18
360,Okhotsk,59.38,143.3,31.44,88,67,23.67,RU,2020-10-25 21:39:18
361,Gladstone,-23.85,151.25,75.2,78,75,4.7,AU,2020-10-25 21:39:18
362,El Alto,-4.27,-81.21,66.63,78,39,12.84,PE,2020-10-25 21:39:18
363,Aljezur,37.32,-8.8,60.19,84,60,9.86,PT,2020-10-25 21:39:18
364,Nisia Floresta,-6.09,-35.21,80.6,78,40,9.17,BR,2020-10-25 21:38:50
365,Port Hawkesbury,45.62,-61.35,41.0,70,90,6.93,CA,2020-10-25 21:37:32
366,Weihai,37.5,122.11,56.59,68,49,5.46,CN,2020-10-25 21:39:19
367,Atar,20.52,-13.05,90.81,14,100,7.81,MR,2020-10-25 21:38:24
368,Tessalit,20.2,1.01,79.59,15,0,9.51,ML,2020-10-25 21:39:19
369,Agadez,19.75,10.25,71.42,21,0,8.61,NE,2020-10-25 21:39:20
370,Guane,22.2,-84.09,81.23,81,60,8.16,CU,2020-10-25 21:39:20
371,Gasa,31.5,34.47,75.2,83,0,4.7,PS,2020-10-25 21:39:20
372,Sao Jose Da Coroa Grande,-8.9,-35.15,77.4,81,32,11.54,BR,2020-10-25 21:39:20
373,San Lorenzo,-25.33,-57.53,100.4,29,0,12.75,PY,2020-10-25 21:39:20
374,Pedasi,7.53,-80.03,79.52,85,100,6.33,PA,2020-10-25 21:39:21
375,Primo Tapia,32.22,-116.92,68.0,49,90,10.29,MX,2020-10-25 21:39:21
376,Fagersta,60.0,15.79,51.01,93,100,6.93,SE,2020-10-25 21:39:21
377,Sandakan,5.84,118.12,75.2,100,20,4.65,MY,2020-10-25 21:39:21
378,Fairview,40.81,-74.0,53.6,53,90,6.93,US,2020-10-25 21:39:22
379,Komsomolskiy,40.43,71.72,46.4,52,0,4.7,UZ,2020-10-25 21:39:22
380,Huicheng,23.04,116.29,66.2,93,0,9.66,CN,2020-10-25 21:39:22
381,Ordzhonikidze,52.44,61.74,50.99,88,100,15.43,KZ,2020-10-25 21:39:22
382,Vallenar,-28.57,-70.76,79.56,16,0,7.11,CL,2020-10-25 21:39:23
383,Salinas,36.68,-121.66,66.2,59,40,8.05,US,2020-10-25 21:39:23
384,Ipixuna,-1.76,-48.8,78.8,88,75,16.11,BR,2020-10-25 21:39:11
385,Flinders,-34.58,150.86,60.01,75,100,8.01,AU,2020-10-25 21:39:23
386,Carutapera,-1.2,-46.02,80.2,76,100,6.96,BR,2020-10-25 21:39:24
387,Yeppoon,-23.13,150.73,73.4,88,75,1.25,AU,2020-10-25 21:39:24
388,Linhares,-19.39,-40.07,71.58,96,100,0.83,BR,2020-10-25 21:35:52
389,Gweta,-20.18,25.23,81.54,16,4,12.35,BW,2020-10-25 21:39:24
390,Eureka,40.8,-124.16,66.0,66,0,4.0,US,2020-10-25 21:38:10
391,Ilfracombe,51.21,-4.11,52.0,85,13,5.99,GB,2020-10-25 21:39:25
392,Plettenberg Bay,-34.05,23.37,62.37,89,100,11.14,ZA,2020-10-25 21:37:13
393,Manono,-7.3,27.42,71.31,89,94,2.04,CD,2020-10-25 21:39:25
394,Skagen,57.72,10.58,55.0,91,100,13.0,DK,2020-10-25 21:39:25
395,Apud,13.14,123.29,78.85,89,100,20.83,PH,2020-10-25 21:39:25
396,Tecoanapa,16.52,-98.75,85.62,72,99,9.42,MX,2020-10-25 21:39:26
397,Chengdu,30.67,104.07,68.0,100,40,1.48,CN,2020-10-25 21:39:26
398,Kanniyakumari,8.08,77.57,78.84,79,55,13.8,IN,2020-10-25 21:39:26
399,Makubetsu,45.37,141.82,48.49,76,36,14.45,JP,2020-10-25 21:39:26
400,Pokhara,28.23,83.98,64.11,26,0,5.37,NP,2020-10-25 21:39:26
401,Ayr,55.46,-4.63,51.01,81,40,14.99,GB,2020-10-25 21:34:49
402,Christchurch,-43.53,172.63,55.0,93,100,11.41,NZ,2020-10-25 21:38:13
403,Bahia Blanca,-38.72,-62.27,61.36,43,95,10.51,AR,2020-10-25 21:36:45
404,Pacific Grove,36.62,-121.92,62.01,72,75,5.82,US,2020-10-25 21:39:27
405,Hami,42.8,93.45,37.09,71,10,2.46,CN,2020-10-25 21:36:45
406,Asfi,32.3,-9.24,64.53,74,0,9.66,MA,2020-10-25 21:34:56
407,Talnakh,69.49,88.4,10.4,85,75,11.18,RU,2020-10-25 21:39:20
408,Carman,49.5,-98.0,28.0,44,23,5.99,CA,2020-10-25 21:39:28
409,Lokot,52.56,34.58,45.05,87,60,1.86,RU,2020-10-25 21:39:28
410,Houma,29.6,-90.72,79.0,65,1,5.86,US,2020-10-25 21:36:55
411,Sinnamary,5.38,-52.95,81.12,80,45,8.86,GF,2020-10-25 21:39:28
412,Cooma,-36.23,149.13,41.0,93,90,14.99,AU,2020-10-25 21:35:08
413,Coos Bay,43.37,-124.22,64.0,32,1,13.87,US,2020-10-25 21:39:29
414,Bedesa,8.9,40.78,61.39,35,0,1.95,ET,2020-10-25 21:39:29
415,Cockburn Town,21.46,-71.14,84.2,70,75,13.87,TC,2020-10-25 21:39:29
416,Havelock,34.88,-76.9,72.0,83,90,10.29,US,2020-10-25 21:38:58
417,Caravelas,-17.71,-39.25,72.86,97,100,6.49,BR,2020-10-25 21:39:30
418,Glenwood Springs,39.55,-107.32,30.0,92,90,7.0,US,2020-10-25 21:38:18
419,Kahuta,33.59,73.39,62.01,54,40,11.41,PK,2020-10-25 21:39:30
420,Werda,-25.27,23.28,78.96,36,100,9.55,BW,2020-10-25 21:39:30
421,Nemuro,43.32,145.57,48.94,74,0,19.3,JP,2020-10-25 21:38:14
422,Yar-Sale,66.83,70.83,11.59,96,70,10.27,RU,2020-10-25 21:37:25
423,Mayo,38.89,-76.51,51.8,87,90,8.05,US,2020-10-25 21:39:14
424,Chamba,32.57,76.13,55.33,38,0,8.25,IN,2020-10-25 21:39:31
425,Hay River,60.82,-115.8,26.6,63,75,11.41,CA,2020-10-25 21:39:31
426,Najran,17.49,44.13,64.4,17,0,2.51,SA,2020-10-25 21:39:31
427,Tulsipur,28.13,82.3,63.09,50,0,4.85,NP,2020-10-25 21:39:31
428,Sesheke,-17.48,24.3,73.4,35,0,1.12,ZM,2020-10-25 21:39:32
429,Bima,-8.47,118.72,76.95,87,75,4.38,ID,2020-10-25 21:38:22
430,Praxedis Guerrero,31.37,-106.02,86.0,12,75,14.99,MX,2020-10-25 21:39:32
431,Babu,24.42,111.52,65.77,72,42,3.06,CN,2020-10-25 21:39:32
432,Northam,51.03,-4.22,50.0,89,15,10.0,GB,2020-10-25 21:39:32
433,Kumbo,6.2,10.67,61.54,95,96,2.13,CM,2020-10-25 21:39:33
434,Ikom,5.97,8.71,74.86,96,100,1.74,NG,2020-10-25 21:39:33
435,Touros,-5.2,-35.46,80.6,78,40,9.17,BR,2020-10-25 21:38:23
436,Coyula,20.63,-103.2,90.0,23,20,8.05,MX,2020-10-25 21:39:33
437,Mossendjo,-2.95,12.73,71.04,99,100,3.53,CG,2020-10-25 21:39:33
438,Augustow,53.84,22.98,49.64,89,91,9.42,PL,2020-10-25 21:39:34
439,Lasa,46.62,10.7,54.0,93,75,5.82,IT,2020-10-25 21:38:05
440,Vesyegonsk,58.66,37.26,32.23,97,23,2.82,RU,2020-10-25 21:38:07
441,Wamba,8.93,8.6,74.23,79,65,0.54,NG,2020-10-25 21:39:35
442,Nautla,20.22,-96.78,82.87,68,60,9.48,MX,2020-10-25 21:39:35
443,Ayan,56.45,138.17,26.94,87,0,16.33,RU,2020-10-25 21:39:35
444,Khasan,42.43,130.64,44.29,65,4,7.14,RU,2020-10-25 21:39:35
445,Mehran,33.12,46.16,53.6,20,0,6.93,IR,2020-10-25 21:39:35
446,Manjacaze,-24.71,33.88,67.98,91,0,5.86,MZ,2020-10-25 21:39:36
447,Auki,-8.77,160.7,85.21,68,91,1.74,SB,2020-10-25 21:39:36
448,Bambari,5.77,20.68,73.17,91,100,1.23,CF,2020-10-25 21:39:36
449,Pozo Colorado,-23.49,-58.8,94.86,39,22,5.79,PY,2020-10-25 21:39:36
450,Mubi,10.27,13.26,76.59,34,63,3.69,NG,2020-10-25 21:39:37
451,Sri Aman,1.24,111.46,75.2,94,97,1.12,MY,2020-10-25 21:37:03
452,Tiznit,29.58,-9.5,63.41,58,0,2.8,MA,2020-10-25 21:39:37
453,Casa Grande,32.88,-111.76,84.2,34,1,21.92,US,2020-10-25 21:39:37
454,Brae,60.4,-1.35,50.0,81,68,16.11,GB,2020-10-25 21:39:38
455,Saint-Georges,12.06,-61.75,86.0,74,20,13.87,GD,2020-10-25 21:39:38
456,Bogatyye Saby,56.01,50.45,31.41,97,24,10.74,RU,2020-10-25 21:36:49
457,Gazanjyk,39.24,55.52,55.53,40,0,1.21,TM,2020-10-25 21:39:38
458,Sokoni,-6.43,39.55,79.03,83,11,11.1,TZ,2020-10-25 21:39:39
459,Lompoc,34.64,-120.46,66.2,59,90,12.75,US,2020-10-25 21:39:39
460,Mgandu,-5.95,34.13,67.46,64,83,7.99,TZ,2020-10-25 21:39:39
461,Taltal,-25.4,-70.48,65.23,54,22,6.08,CL,2020-10-25 21:39:31
462,Gostyn,51.88,17.01,50.0,97,3,1.01,PL,2020-10-25 21:39:39
463,Nossa Senhora Da Gloria,-10.22,-37.42,75.22,80,73,15.57,BR,2020-10-25 21:39:40
464,Alofi,-19.06,-169.92,75.2,94,90,13.87,NU,2020-10-25 21:39:40
465,Port Hedland,-20.32,118.57,69.8,94,96,9.17,AU,2020-10-25 21:39:40
466,Hidalgotitlan,17.78,-94.63,86.0,70,75,11.41,MX,2020-10-25 21:39:40
467,Bulungu,-4.55,18.6,72.37,95,99,1.81,CD,2020-10-25 21:39:40
468,Mount Isa,-20.73,139.5,69.8,32,91,11.41,AU,2020-10-25 21:39:41
469,Pevek,69.7,170.31,26.24,97,100,8.32,RU,2020-10-25 21:39:41
470,Vila,42.03,-8.16,45.0,94,93,3.0,PT,2020-10-25 21:37:09
471,Mabaruma,8.2,-59.78,75.83,93,100,3.76,GY,2020-10-25 21:39:41
472,Manokwari,-0.87,134.08,79.63,75,99,3.06,ID,2020-10-25 21:39:42
473,Poum,-20.23,164.02,77.27,76,15,15.05,NC,2020-10-25 21:39:42
474,Suleja,9.18,7.18,82.4,78,0,3.36,NG,2020-10-25 21:39:42
475,Pak Phanang,8.35,100.2,76.64,84,98,4.68,TH,2020-10-25 21:39:43
476,Belaya Gora,68.53,146.42,10.35,93,11,7.43,RU,2020-10-25 21:39:43
477,Kununurra,-15.77,128.73,78.8,94,65,4.7,AU,2020-10-25 21:37:18
478,Camacha,33.08,-16.33,68.0,77,20,11.41,PT,2020-10-25 21:38:26
479,Arlit,18.74,7.39,79.66,16,0,12.1,NE,2020-10-25 21:39:44
480,Cascais,38.7,-9.42,61.0,77,90,19.95,PT,2020-10-25 21:39:44
481,Miles City,46.41,-105.84,17.6,52,90,11.41,US,2020-10-25 21:39:44
482,Magistralnyy,56.17,107.45,26.44,93,100,9.37,RU,2020-10-25 21:39:44
483,Ganzhou,28.82,115.43,62.1,65,100,2.8,CN,2020-10-25 21:39:45
484,Huayucachi,-12.13,-75.23,64.83,37,70,8.21,PE,2020-10-25 21:39:45
485,Doctor Mora,21.14,-100.31,80.01,21,20,10.47,MX,2020-10-25 21:39:45
486,Port Shepstone,-30.74,30.45,68.18,85,91,14.41,ZA,2020-10-25 21:39:45
487,Storforshei,66.4,14.52,37.4,93,75,5.82,NO,2020-10-25 21:39:45
488,Mahon,39.89,4.27,66.2,77,40,17.22,ES,2020-10-25 21:34:50
489,Synya,65.37,58.04,20.8,98,85,3.09,RU,2020-10-25 21:39:46
490,Jiayuguan,39.82,98.3,33.8,69,86,6.71,CN,2020-10-25 21:39:46
491,Palmas,-10.21,-48.36,84.2,66,40,6.93,BR,2020-10-25 21:39:46
492,Santana Do Livramento,-30.89,-55.53,75.13,77,49,4.74,BR,2020-10-25 21:39:47
493,Liezen,47.57,14.23,48.99,100,1,1.12,AT,2020-10-25 21:39:47
494,Lata,40.16,-8.33,57.99,89,64,5.66,PT,2020-10-25 21:39:47
495,Sambava,-14.27,50.17,70.57,83,1,8.79,MG,2020-10-25 21:38:23
496,Puerto Madryn,-42.77,-65.04,66.52,25,31,22.77,AR,2020-10-25 21:39:48
497,Dukat,62.55,155.55,20.39,97,100,3.47,RU,2020-10-25 21:39:48
498,Ambalavao,-21.83,46.93,62.62,81,97,2.91,MG,2020-10-25 21:39:48
499,Nanortalik,60.14,-45.24,35.82,84,100,15.05,GL,2020-10-25 21:39:00
500,Russkaya Polyana,49.42,31.92,51.1,77,100,7.0,UA,2020-10-25 21:36:48
501,Santa Vitoria Do Palmar,-33.52,-53.37,68.47,85,100,15.73,BR,2020-10-25 21:39:49
502,Nishihara,26.18,127.76,71.6,82,20,4.7,JP,2020-10-25 21:39:49
503,Huron,41.15,-82.55,48.99,66,97,8.79,US,2020-10-25 21:39:49
504,Ilulissat,69.22,-51.1,14.0,56,68,2.24,GL,2020-10-25 21:39:49
505,Cabedelo,-6.98,-34.83,78.8,83,0,6.93,BR,2020-10-25 21:39:19
506,Usulutan,13.35,-88.45,86.0,94,40,4.05,SV,2020-10-25 21:39:50
507,Ouadda,8.08,22.4,68.79,76,69,2.84,CF,2020-10-25 21:37:13
508,Fredericksburg,38.3,-77.46,48.2,100,90,4.7,US,2020-10-25 21:39:50
509,Wainwright,52.84,-110.86,25.05,78,61,9.84,CA,2020-10-25 21:39:50
510,College,64.86,-147.8,32.0,73,75,3.49,US,2020-10-25 21:38:17
511,Aquiraz,-3.9,-38.39,82.4,74,0,9.17,BR,2020-10-25 21:35:52
512,Mazatlan,23.22,-106.42,91.4,66,20,13.87,MX,2020-10-25 21:36:18
513,Hurricane,37.18,-113.29,71.6,21,90,16.11,US,2020-10-25 21:39:51
514,Mala,-12.66,-76.63,67.12,71,8,8.1,PE,2020-10-25 21:39:52
515,Honningsvag,70.98,25.97,37.4,69,75,18.34,NO,2020-10-25 21:37:23
516,Altay,47.87,88.12,27.0,71,62,1.9,CN,2020-10-25 21:39:52
517,Mount Gambier,-37.83,140.77,50.0,71,3,12.75,AU,2020-10-25 21:36:59
518,Novosheshminsk,55.07,51.23,35.06,85,27,11.99,RU,2020-10-25 21:39:52
519,Baghmara,23.8,86.21,69.12,48,22,4.92,IN,2020-10-25 21:39:53
520,Mekhe,15.11,-16.62,89.6,70,35,4.7,SN,2020-10-25 21:39:53
521,Kedrovyy,56.17,91.82,21.2,92,100,4.47,RU,2020-10-25 21:36:25
522,Grindavik,63.84,-22.43,39.2,93,0,8.05,IS,2020-10-25 21:39:53
523,Los Llanos De Aridane,28.66,-17.92,71.6,64,40,13.87,ES,2020-10-25 21:38:07
524,Kiruna,67.86,20.23,28.4,100,90,10.29,SE,2020-10-25 21:37:06
525,Voyvozh,62.89,54.96,20.28,98,95,1.32,RU,2020-10-25 21:39:54
526,Katobu,-4.94,122.53,76.08,85,87,1.95,ID,2020-10-25 21:39:54
527,Split,43.51,16.44,57.2,87,0,3.36,HR,2020-10-25 21:39:55
528,Kirs,59.34,52.24,29.26,97,95,6.42,RU,2020-10-25 21:39:55
529,Hefei,31.86,117.28,60.01,87,92,4.47,CN,2020-10-25 21:39:55
530,Ratnagiri,16.98,73.3,77.45,87,84,1.97,IN,2020-10-25 21:39:55
531,Namatanai,-3.67,152.43,81.28,78,98,4.07,PG,2020-10-25 21:39:55
532,Hokitika,-42.72,170.97,59.31,96,100,14.76,NZ,2020-10-25 21:39:56
533,Milicz,51.53,17.27,53.01,96,0,1.01,PL,2020-10-25 21:39:56
534,Nenjiang,49.18,125.22,34.48,87,100,3.69,CN,2020-10-25 21:39:56
535,Pasni,25.26,63.47,75.99,36,0,13.11,PK,2020-10-25 21:39:56
536,Ust-Ishim,57.69,71.17,34.03,97,99,2.93,RU,2020-10-25 21:39:57
537,Solwezi,-12.17,26.39,66.09,36,1,2.13,ZM,2020-10-25 21:39:57
538,Jumla,29.27,82.18,42.39,53,0,6.44,NP,2020-10-25 21:39:57
539,Miraflores,19.22,-98.81,77.0,12,5,6.93,MX,2020-10-25 21:39:57
540,Hassleholm,56.16,13.77,53.6,100,100,8.5,SE,2020-10-25 21:39:58
541,Pinega,64.7,43.39,18.9,98,89,5.21,RU,2020-10-25 21:39:58
542,Nakusp,50.25,-117.8,26.01,76,89,3.0,CA,2020-10-25 21:39:58
543,Axim,4.87,-2.24,77.88,90,100,7.43,GH,2020-10-25 21:39:58
544,Matay,28.42,30.78,68.92,68,0,9.75,EG,2020-10-25 21:39:58
545,Gaur,26.77,85.27,71.94,76,0,4.38,NP,2020-10-25 21:39:59
546,Atbasar,51.8,68.33,46.72,71,100,15.88,KZ,2020-10-25 21:39:59
547,Tutoia,-2.76,-42.27,80.89,79,58,12.44,BR,2020-10-25 21:39:59
548,Banda Aceh,5.56,95.32,80.1,72,100,9.91,ID,2020-10-25 21:39:59
549,Hays,30.05,-98.03,87.8,54,75,14.99,US,2020-10-25 21:40:00
550,Hutchinson,38.06,-97.93,34.0,80,90,10.29,US,2020-10-25 21:40:00
551,Rocha,-34.48,-54.33,70.14,84,100,11.25,UY,2020-10-25 21:40:00
552,Solnechnyy,50.72,136.63,32.58,91,33,2.95,RU,2020-10-25 21:40:01
553,Hope,33.67,-93.59,55.4,76,90,4.7,US,2020-10-25 21:40:01
554,Teya,60.38,92.63,19.58,95,100,3.0,RU,2020-10-25 21:40:01
555,Gwadar,25.12,62.33,74.46,29,0,10.47,PK,2020-10-25 21:40:01
556,Lubao,14.92,120.55,78.8,88,90,20.8,PH,2020-10-25 21:40:02
557,Lorengau,-2.02,147.27,84.0,73,100,5.39,PG,2020-10-25 21:40:02
558,Kamariotissa,40.48,25.47,62.6,93,20,8.48,GR,2020-10-25 21:40:02
559,Kudahuvadhoo,2.67,72.89,82.09,77,66,8.59,MV,2020-10-25 21:40:02
560,Gadwal,16.23,77.8,73.94,75,3,2.68,IN,2020-10-25 21:40:03
561,Shubarkuduk,49.14,56.49,55.24,81,100,20.78,KZ,2020-10-25 21:40:03
562,Adrar,20.5,-10.07,89.44,12,58,7.83,MR,2020-10-25 21:40:03
563,La Union,-5.4,-80.75,76.17,53,60,16.87,PE,2020-10-25 21:40:03
564,San Jeronimo,-11.95,-75.28,63.0,41,75,6.2,PE,2020-10-25 21:40:04
565,Pontian Kecil,1.48,103.39,80.6,94,40,4.7,MY,2020-10-25 21:40:04
566,Narsaq,60.92,-46.05,41.0,56,100,23.04,GL,2020-10-25 21:38:48
567,Baiyin,36.56,104.21,45.0,58,0,4.47,CN,2020-10-25 21:40:04
568,Severnoye,56.35,78.36,34.9,98,100,6.87,RU,2020-10-25 21:40:05
569,Neepawa,50.23,-99.47,24.8,62,75,12.75,CA,2020-10-25 21:40:05
570,Araouane,18.9,-3.53,87.94,12,0,7.25,ML,2020-10-25 21:40:05
571,Sheregesh,52.92,87.99,30.36,84,100,4.56,RU,2020-10-25 21:40:06
572,Baykit,61.67,96.37,12.58,93,77,1.9,RU,2020-10-25 21:37:08
573,Sorland,67.67,12.69,39.2,86,75,5.82,NO,2020-10-25 21:40:06
574,Oros,-6.24,-38.91,89.64,35,17,9.89,BR,2020-10-25 21:40:06
575,Kongolo,-5.38,27.0,71.78,91,100,5.41,CD,2020-10-25 21:40:07
576,Cheremshan,54.67,51.5,35.26,85,52,14.36,RU,2020-10-25 21:40:07
577,Port Hardy,50.7,-127.42,42.8,58,90,8.05,CA,2020-10-25 21:40:07
578,Anadyr,64.75,177.48,23.0,100,90,4.47,RU,2020-10-25 21:36:25
579,Andes,5.66,-75.88,60.01,89,100,2.73,CO,2020-10-25 21:40:07
580,Phangnga,8.45,98.53,77.0,94,75,2.19,TH,2020-10-25 21:40:08
581,Kresttsy,58.25,32.52,40.98,96,30,2.98,RU,2020-10-25 21:40:08
582,Suclayin,15.76,121.55,79.02,88,100,19.71,PH,2020-10-25 21:40:08
583,Bara,10.37,10.73,77.54,34,26,4.94,NG,2020-10-25 21:40:09
584,Avera,33.19,-82.53,78.8,69,75,3.36,US,2020-10-25 21:40:09
585,Brownsville,25.9,-97.5,87.8,62,75,16.11,US,2020-10-25 21:35:19
586,Bubaque,11.28,-15.83,83.71,81,11,11.3,GW,2020-10-25 21:40:09
587,Honiara,-9.43,159.95,80.6,83,40,5.82,SB,2020-10-25 21:40:09
588,Statesboro,32.45,-81.78,84.2,57,1,2.59,US,2020-10-25 21:40:10
589,Noumea,-22.28,166.46,80.01,50,0,8.05,NC,2020-10-25 21:40:06
590,Safford,32.83,-109.71,82.4,15,1,19.46,US,2020-10-25 21:40:10
591,Champerico,14.3,-91.92,87.8,70,75,6.93,GT,2020-10-25 21:40:10
592,Arandis,-22.42,14.97,57.99,91,56,3.0,NA,2020-10-25 21:40:11
593,Kirando,-7.42,30.6,78.26,57,26,6.02,TZ,2020-10-25 21:40:11
594,Acari,-15.43,-74.62,70.32,51,0,7.81,PE,2020-10-25 21:40:11
595,Sao Raimundo Das Mangabeiras,-7.02,-45.48,80.73,70,78,1.36,BR,2020-10-25 21:40:11
596,San Ignacio,17.16,-89.07,87.8,66,40,6.93,BZ,2020-10-25 21:36:55
597,Havoysund,71.0,24.66,37.4,69,75,18.34,NO,2020-10-25 21:40:12
598,Mandan,46.83,-100.89,24.8,67,90,17.22,US,2020-10-25 21:37:33
599,Shimoda,34.67,138.95,61.86,63,100,6.42,JP,2020-10-25 21:38:08
600,Neryungri,56.67,124.65,24.01,94,100,5.03,RU,2020-10-25 21:40:12
601,Tucuman,-26.82,-65.22,98.6,39,40,17.22,AR,2020-10-25 21:38:24
602,Puerto Narino,-3.77,-70.38,78.8,100,75,3.36,CO,2020-10-25 21:40:13
603,Winnemucca,40.97,-117.74,37.4,29,75,9.17,US,2020-10-25 21:40:13
604,Listvyanskiy,54.44,83.5,36.61,96,100,16.96,RU,2020-10-25 21:40:13
605,Altamont,42.21,-121.74,43.0,20,1,11.41,US,2020-10-25 21:37:13
606,Flin Flon,54.77,-101.86,26.6,58,90,9.17,CA,2020-10-25 21:40:14
607,Popondetta,-8.75,148.25,79.02,85,100,1.39,PG,2020-10-25 21:40:14
608,Fonte Boa,-2.5,-66.27,76.64,94,100,3.04,BR,2020-10-25 21:40:14
609,Bestobe,52.5,73.1,44.8,73,100,18.28,KZ,2020-10-25 21:40:14
610,Port-Gentil,-0.72,8.78,80.6,78,40,11.41,GA,2020-10-25 21:38:03
611,Toora-Khem,52.47,96.11,16.93,83,77,2.64,RU,2020-10-25 21:40:15
612,Tommot,58.96,126.29,23.22,93,100,2.84,RU,2020-10-25 21:40:15
613,Canico,32.63,-16.85,68.0,64,20,5.82,PT,2020-10-25 21:40:15
614,Cayenne,4.93,-52.33,84.2,74,20,8.05,GF,2020-10-25 21:40:16
615,Roebourne,-20.78,117.13,65.57,86,100,11.65,AU,2020-10-25 21:40:16
616,Ranong,9.97,98.63,76.73,87,93,5.66,TH,2020-10-25 21:40:16
617,Sept-Iles,50.2,-66.38,36.0,40,40,10.29,CA,2020-10-25 21:36:07
618,Sergeyevka,53.88,67.42,44.17,95,100,8.95,KZ,2020-10-25 21:40:16
619,Presidencia Roque Saenz Pena,-26.79,-60.44,85.51,56,57,6.91,AR,2020-10-25 21:35:18
620,Guiratinga,-16.35,-53.76,76.1,82,100,0.83,BR,2020-10-25 21:40:17
621,Kano,12.0,8.52,64.4,88,60,3.36,NG,2020-10-25 21:40:17
622,Vardo,70.37,31.11,37.4,64,75,20.8,NO,2020-10-25 21:37:57
623,Rio Gallegos,-51.62,-69.22,57.2,44,75,10.29,AR,2020-10-25 21:40:18
624,Mayor Pablo Lagerenza,-19.93,-60.77,95.09,35,95,11.81,PY,2020-10-25 21:40:18
625,Kashi,39.45,75.98,50.0,68,40,8.95,CN,2020-10-25 21:40:18
626,Takoradi,4.88,-1.76,77.74,90,100,8.77,GH,2020-10-25 21:37:16
627,Luau,-10.71,22.22,70.11,60,67,3.51,AO,2020-10-25 21:40:19
628,Zakamensk,50.37,103.29,19.04,87,99,0.4,RU,2020-10-25 21:40:19
629,Vila Velha,-20.33,-40.29,71.6,94,75,2.24,BR,2020-10-25 21:40:19
630,Sioux Lookout,50.1,-91.92,24.8,68,90,5.82,CA,2020-10-25 21:37:42
631,Bairiki,1.33,172.98,84.2,70,20,8.05,KI,2020-10-25 21:40:19
632,Montemor-O-Novo,38.65,-8.21,57.2,93,40,11.41,PT,2020-10-25 21:40:20
633,Magadan,59.57,150.8,36.68,79,100,9.93,RU,2020-10-25 21:40:20
634,Kaputa,-8.47,29.66,76.73,51,29,3.58,ZM,2020-10-25 21:40:20
635,Ozernovskiy,51.5,156.52,44.67,78,89,6.29,RU,2020-10-25 21:40:21
636,Henties Bay,-22.12,14.28,57.99,91,0,3.0,NA,2020-10-25 21:38:24
637,Praya,14.92,-23.51,82.4,61,0,19.46,CV,2020-10-25 21:40:22
638,Yerbogachen,61.28,108.01,23.5,92,100,3.49,RU,2020-10-25 21:40:22
639,Ixtapa,20.7,-105.2,89.01,74,20,9.17,MX,2020-10-25 21:36:30
640,Ewa Beach,21.32,-158.01,84.2,70,1,9.17,US,2020-10-25 21:40:23
641,Pontes E Lacerda,-15.23,-59.34,84.7,60,31,4.54,BR,2020-10-25 21:40:23
642,Ljungby,56.83,13.94,53.6,93,100,9.17,SE,2020-10-25 21:40:23
643,Aswan,24.09,32.91,74.25,35,0,12.93,EG,2020-10-25 21:40:23
644,Tazovskiy,67.47,78.7,5.77,95,0,7.23,RU,2020-10-25 21:40:23
645,Yazd,31.9,54.37,59.0,24,0,4.7,IR,2020-10-25 21:40:24
646,Rialma,-15.31,-49.58,76.75,74,57,4.03,BR,2020-10-25 21:40:24
647,Dudinka,69.41,86.18,10.4,85,75,11.18,RU,2020-10-25 21:40:24
648,Louisville,38.25,-85.76,52.0,81,90,5.82,US,2020-10-25 21:39:45
649,Te Anau,-45.42,167.72,47.23,76,100,4.41,NZ,2020-10-25 21:40:24
650,Tocopilla,-22.09,-70.2,66.54,57,99,11.7,CL,2020-10-25 21:40:25
651,Kodinsk,58.69,99.18,22.71,96,67,3.38,RU,2020-10-25 21:40:25
652,Doha,25.29,51.53,80.6,74,0,3.36,QA,2020-10-25 21:36:43
653,Arica,-18.48,-70.3,68.0,72,0,16.11,CL,2020-10-25 21:40:25
654,Svarstad,59.4,9.97,44.01,1,99,3.22,NO,2020-10-25 21:40:25
655,Davila,18.47,120.58,80.6,78,75,13.87,PH,2020-10-25 21:40:26
656,Tawang,27.58,91.87,48.02,73,49,2.39,IN,2020-10-25 21:40:26
657,Grand Island,40.92,-98.34,28.4,63,90,18.34,US,2020-10-25 21:40:26
658,Bridlington,54.08,-0.19,46.4,81,42,11.41,GB,2020-10-25 21:40:26
659,Whitianga,-36.83,175.7,64.92,67,5,4.52,NZ,2020-10-25 21:40:26
660,Dharmabad,18.9,77.85,72.84,81,60,1.39,IN,2020-10-25 21:40:27
661,Alamosa,37.47,-105.87,57.2,30,75,16.11,US,2020-10-25 21:40:27
662,Inhambane,-23.86,35.38,72.5,90,1,6.08,MZ,2020-10-25 21:38:30
663,Ulladulla,-35.35,150.47,57.0,87,75,11.41,AU,2020-10-25 21:40:27
664,Nova Olimpia,-14.8,-57.29,86.18,55,42,5.26,BR,2020-10-25 21:40:28
665,Nantucket,41.28,-70.1,51.8,62,75,14.99,US,2020-10-25 21:40:28
666,Bathsheba,13.22,-59.52,84.2,74,40,16.11,BB,2020-10-25 21:40:28
667,Akhisar,38.92,27.84,64.98,56,32,1.05,TR,2020-10-25 21:40:29
668,Nobeoka,32.58,131.67,54.52,56,0,5.17,JP,2020-10-25 21:40:29
669,Ankang,32.68,109.02,62.13,65,97,0.63,CN,2020-10-25 21:40:29
670,Balkanabat,39.51,54.37,59.81,34,0,3.18,TM,2020-10-25 21:40:29
671,Remiremont,48.02,6.59,51.8,100,100,5.82,FR,2020-10-25 21:40:29
672,Verkhnevilyuysk,63.45,120.32,19.22,95,100,9.1,RU,2020-10-25 21:40:30
673,Rawson,-43.3,-65.1,63.82,28,33,13.15,AR,2020-10-25 21:36:03
674,Springdale,36.19,-94.13,51.01,81,90,4.7,US,2020-10-25 21:36:28
675,Severo-Yeniseyskiy,60.37,93.04,15.55,97,100,3.22,RU,2020-10-25 21:40:30
676,Santarem,-2.44,-54.71,91.4,46,20,4.7,BR,2020-10-25 21:40:30
677,Alamogordo,32.9,-105.96,82.0,18,1,3.36,US,2020-10-25 21:40:28
678,Ahuimanu,21.44,-157.84,86.0,66,40,8.05,US,2020-10-25 21:38:40
679,Calabozo,8.92,-67.43,78.53,89,87,4.36,VE,2020-10-25 21:36:44
680,Lagoa,39.05,-27.98,63.95,61,53,2.39,PT,2020-10-25 21:40:31
681,Tevaitoa,-16.78,-151.5,80.69,69,3,6.67,PF,2020-10-25 21:40:31
682,Sola,-13.88,167.55,78.8,94,90,18.77,VU,2020-10-25 21:37:20
683,Mahibadhoo,3.78,72.97,81.97,79,100,8.75,MV,2020-10-25 21:37:15
